	#ncbi_accession	source_identifier	label	sequence_cutoff	domain_cutoff	hmm_length	family_type	for_structural_annotation	for_naming	for_AMRFinder	product_name	gene_symbol	ec_numbers	go_terms	pmids	taxonomic_range	taxonomic_range_name	taxonomic_rank_name	n_refseq_protein_hits	source	name_orig
740	TIGR01170.1	TIGR01170	rplA_mito	129.05	129.05	140	equivalog	N	N	N	ribosomal protein uL1, mitochondrial (Provisional)			GO:0003735,GO:0005762,GO:0006412					0	JCVI	ribosomal protein uL1, mitochondrial
939	NF005639.0	PRK07400	PRK07400.1	460.0	460.0	318	equivalog	Y	N	N	30S ribosomal protein S1 (Provisional)					1117.0	Cyanobacteria	phylum	549	NCBI Protein Cluster (PRK)	30S ribosomal protein S1
1016	NF016712.2	PF04839.15	PSRP-3_Ycf65	25.0	25.0	48	PfamEq	Y	N	N	Plastid and cyanobacterial ribosomal protein (PSRP-3 / Ycf65) (Provisional)			GO:0003735,GO:0005840,GO:0006412	10874039	1117.0	Cyanobacteria	phylum	392	EBI-EMBL	Plastid and cyanobacterial ribosomal protein (PSRP-3 / Ycf65)
1204	NF002258.0	PRK01192	PRK01192.1-1	120.0	120.0	88	equivalog	Y	Y	N	50S ribosomal protein L31e					118883.0	Sulfolobaceae	family	28	NCBI Protein Cluster (PRK)	50S ribosomal protein L31e
1224	NF006812.0	PRK09334	PRK09334.1-2	171.0	171.0	109	equivalog	Y	Y	N	30S ribosomal protein S25e					118883.0	Sulfolobaceae	family	10	NCBI Protein Cluster (PRK)	30S ribosomal protein S25e
1225	NF006814.0	PRK09334	PRK09334.1-4	128.0	128.0	110	equivalog	Y	Y	N	30S ribosomal protein S25e					118883.0	Sulfolobaceae	family	10	NCBI Protein Cluster (PRK)	30S ribosomal protein S25e
1526	NF004358.0	PRK05738	PRK05738.1-1	134.0	134.0	100	equivalog	Y	Y	N	50S ribosomal protein L23	rplW				1224.0	Proteobacteria	phylum	1097	NCBI Protein Cluster (PRK)	50S ribosomal protein L23
2248	NF022390.2	PF10937.10	S36_mt	22.0	22.0	115	domain	Y	Y	N	ribosomal protein S36				12392552,2693936,9445368	1224.0	Proteobacteria	phylum	2	EBI-EMBL	Ribosomal protein S36, mitochondrial
3057	NF004951.0	PRK06299	PRK06299.1-1	918.0	918.0	556	equivalog	Y	Y	N	30S ribosomal protein S1	rpsA		GO:0003723,GO:0003735,GO:0005840,GO:0006412		1236.0	Gammaproteobacteria	class	3873	NCBI Protein Cluster (PRK)	30S ribosomal protein S1
4043	NF004078.0	PRK05583	PRK05583.1	77.0	77.0	104	equivalog	Y	N	N	ribosomal protein L7Ae family protein (Provisional)					1239.0	Firmicutes	phylum	333	NCBI Protein Cluster (PRK)	ribosomal protein L7Ae family protein
4401	NF010123.0	PRK13600	PRK13600.1	104.0	104.0	84	equivalog	Y	N	N	putative ribosomal protein L7Ae-like (Provisional)					1279.0	Staphylococcus	genus	250	NCBI Protein Cluster (PRK)	putative ribosomal protein L7Ae-like
4709	NF001099.0	PRK00132	PRK00132.1	112.0	112.0	130	equivalog	Y	Y	N	30S ribosomal protein S9	rpsI		GO:0003735,GO:0005840,GO:0006412	3884974	131567.0	cellular organisms	no rank	21114	NCBI Protein Cluster (PRK)	30S ribosomal protein S9
4750	NF001749.0	PRK00474	PRK00474.1	147.0	147.0	134	equivalog	Y	Y	N	30S ribosomal protein S9					131567.0	cellular organisms	no rank	586	NCBI Protein Cluster (PRK)	30S ribosomal protein S9P
4808	NF002172.0	PRK01018	PRK01018.1	77.0	77.0	101	equivalog	Y	Y	N	50S ribosomal protein L30e					131567.0	cellular organisms	no rank	317	NCBI Protein Cluster (PRK)	50S ribosomal protein L30e
4813	NF002232.0	PRK01143	PRK01143.1	162.0	162.0	164	equivalog	Y	Y	N	50S ribosomal protein L11					131567.0	cellular organisms	no rank	692	NCBI Protein Cluster (PRK)	50S ribosomal protein L11P
4814	NF002242.0	PRK01151	PRK01151.1	72.0	72.0	67	equivalog	Y	Y	N	30S ribosomal protein S17e					131567.0	cellular organisms	no rank	574	NCBI Protein Cluster (PRK)	30S ribosomal protein S17e
4880	NF003058.0	PRK03976	PRK03976.1	87.0	87.0	91	equivalog	Y	Y	N	50S ribosomal protein L37ae				15184028	131567.0	cellular organisms	no rank	428	NCBI Protein Cluster (PRK)	50S ribosomal protein L37Ae
4883	NF003099.0	PRK04019	PRK04019.2-2	341.0	341.0	293	equivalog	Y	Y	N	50S ribosomal protein L10					131567.0	cellular organisms	no rank	31	NCBI Protein Cluster (PRK)	acidic ribosomal protein P0
4885	NF003106.0	PRK04027	PRK04027.1	225.0	225.0	195	equivalog	Y	Y	N	30S ribosomal protein S7					131567.0	cellular organisms	no rank	730	NCBI Protein Cluster (PRK)	30S ribosomal protein S7P
4887	NF003115.0	PRK04034	PRK04034.1	126.0	126.0	130	equivalog	Y	Y	N	30S ribosomal protein S8					131567.0	cellular organisms	no rank	605	NCBI Protein Cluster (PRK)	30S ribosomal protein S8P
4888	NF003121.0	PRK04038	PRK04038.1	146.0	146.0	145	equivalog	Y	Y	N	30S ribosomal protein S19					131567.0	cellular organisms	no rank	670	NCBI Protein Cluster (PRK)	30S ribosomal protein S19P
4890	NF003125.0	PRK04044	PRK04044.1	252.0	252.0	213	equivalog	Y	Y	N	30S ribosomal protein S5					131567.0	cellular organisms	no rank	672	NCBI Protein Cluster (PRK)	30S ribosomal protein S5P
4891	NF003139.0	PRK04051	PRK04051.1	138.0	138.0	179	equivalog	Y	Y	N	30S ribosomal protein S4					131567.0	cellular organisms	no rank	708	NCBI Protein Cluster (PRK)	30S ribosomal protein S4P
4892	NF003140.0	PRK04053	PRK04053.1	159.0	159.0	157	equivalog	Y	Y	N	30S ribosomal protein S13					131567.0	cellular organisms	no rank	707	NCBI Protein Cluster (PRK)	30S ribosomal protein S13P
4907	NF003219.0	PRK04191	PRK04191.1	147.0	147.0	229	equivalog	Y	Y	N	30S ribosomal protein S3					131567.0	cellular organisms	no rank	753	NCBI Protein Cluster (PRK)	30S ribosomal protein S3P
4910	NF003239.0	PRK04199	PRK04199.1-4	91.0	91.0	172	equivalog	Y	Y	N	50S ribosomal protein L16					131567.0	cellular organisms	no rank	717	NCBI Protein Cluster (PRK)	50S ribosomal protein L10e
4913	NF003244.0	PRK04203	PRK04203.1	203.0	203.0	216	equivalog	Y	Y	N	50S ribosomal protein L1				15659579	131567.0	cellular organisms	no rank	684	NCBI Protein Cluster (PRK)	50S ribosomal protein L1P
4918	NF003254.0	PRK04211	PRK04211.1	196.0	196.0	146	equivalog	Y	Y	N	30S ribosomal protein S12					131567.0	cellular organisms	no rank	431	NCBI Protein Cluster (PRK)	30S ribosomal protein S12P
4919	NF003258.0	PRK04219	PRK04219.1	166.0	166.0	178	equivalog	Y	Y	N	50S ribosomal protein L5					131567.0	cellular organisms	no rank	747	NCBI Protein Cluster (PRK)	50S ribosomal protein L5P
4921	NF003260.0	PRK04223	PRK04223.1	137.0	137.0	154	equivalog	Y	Y	N	50S ribosomal protein L22					131567.0	cellular organisms	no rank	694	NCBI Protein Cluster (PRK)	50S ribosomal protein L22P
4922	NF003269.0	PRK04243	PRK04243.1	178.0	178.0	196	equivalog	Y	Y	N	50S ribosomal protein L15e					131567.0	cellular organisms	no rank	697	NCBI Protein Cluster (PRK)	50S ribosomal protein L15e
5014	NF004123.1	PRK05610	PRK05610.1	74.0	74.0	72	equivalog	Y	Y	N	30S ribosomal protein S17	rpsQ		GO:0003735,GO:0005840,GO:0006412	10561594,8251502,8608120	131567.0	cellular organisms	no rank	17977	NCBI Protein Cluster (PRK)	30S ribosomal protein S17
5015	NF004130.0	PRK05618	PRK05618.1-5	199.0	199.0	212	equivalog	Y	Y	N	50S ribosomal protein L25/general stress protein Ctc			GO:0003735,GO:0006412,GO:0008097		131567.0	cellular organisms	no rank	5480	NCBI Protein Cluster (PRK)	50S ribosomal protein L25/general stress protein Ctc
5031	NF004424.0	PRK05766	PRK05766.1	54.0	54.0	54	equivalog	Y	Y	N	30S ribosomal protein S14					131567.0	cellular organisms	no rank	558	NCBI Protein Cluster (PRK)	30S ribosomal protein S14P
5041	NF004612.1	PRK05943	PRK05943.1	67.0	67.0	93	equivalog	Y	Y	N	50S ribosomal protein L25	rplY		GO:0003735,GO:0005840,GO:0006412	10696113,11418764,15718233,2034228,9799245	131567.0	cellular organisms	no rank	10411	NCBI Protein Cluster (PRK)	50S ribosomal protein L25
5053	NF004711.0	PRK06049	PRK06049.1	130.0	130.0	156	equivalog	Y	Y	N	50S ribosomal protein L30					131567.0	cellular organisms	no rank	728	NCBI Protein Cluster (PRK)	50S ribosomal protein L30P
5111	NF005208.0	PRK06676	PRK06676.1	368.0	368.0	391	equivalog	Y	Y	N	30S ribosomal protein S1	rpsA		GO:0003676		131567.0	cellular organisms	no rank	14156	NCBI Protein Cluster (PRK)	30S ribosomal protein S1
5216	NF006331.0	PRK08561	PRK08561.1	154.0	154.0	152	equivalog	Y	Y	N	30S ribosomal protein S15					131567.0	cellular organisms	no rank	696	NCBI Protein Cluster (PRK)	30S ribosomal protein S15P
5217	NF006332.0	PRK08562	PRK08562.1	120.0	120.0	132	equivalog	Y	Y	N	50S ribosomal protein L32e					131567.0	cellular organisms	no rank	750	NCBI Protein Cluster (PRK)	50S ribosomal protein L32e
5219	NF006342.0	PRK08569	PRK08569.1	143.0	143.0	193	equivalog	Y	Y	N	50S ribosomal protein L18					131567.0	cellular organisms	no rank	708	NCBI Protein Cluster (PRK)	50S ribosomal protein L18P
5220	NF006343.0	PRK08570	PRK08570.1	131.0	131.0	150	equivalog	Y	Y	N	50S ribosomal protein L19e				15184028	131567.0	cellular organisms	no rank	711	NCBI Protein Cluster (PRK)	50S ribosomal protein L19e
5221	NF006344.0	PRK08571	PRK08571.1	168.0	168.0	132	equivalog	Y	Y	N	50S ribosomal protein L14					131567.0	cellular organisms	no rank	548	NCBI Protein Cluster (PRK)	50S ribosomal protein L14P
5222	NF006345.0	PRK08572	PRK08572.1	120.0	120.0	111	equivalog	Y	Y	N	30S ribosomal protein S17					131567.0	cellular organisms	no rank	624	NCBI Protein Cluster (PRK)	30S ribosomal protein S17P
5270	NF006811.0	PRK09333	PRK09333.1	156.0	156.0	150	equivalog	Y	Y	N	30S ribosomal protein S19e					131567.0	cellular organisms	no rank	699	NCBI Protein Cluster (PRK)	30S ribosomal protein S19e
5305	NF007176.0	PRK09607	PRK09607.1	182.0	182.0	132	equivalog	Y	Y	N	30S ribosomal protein S11					131567.0	cellular organisms	no rank	508	NCBI Protein Cluster (PRK)	30S ribosomal protein S11P
5306	NF007180.0	PRK09612	PRK09612.1	265.0	265.0	238	equivalog	Y	Y	N	50S ribosomal protein L2					131567.0	cellular organisms	no rank	667	NCBI Protein Cluster (PRK)	50S ribosomal protein L2P
5491	NF011118.0	PRK14548	PRK14548.1	82.0	82.0	84	equivalog	Y	Y	N	50S ribosomal protein L23					131567.0	cellular organisms	no rank	646	NCBI Protein Cluster (PRK)	50S ribosomal protein L23P
5610	NF012390.2	PF00163.21	Ribosomal_S4	21.7	21.7	83	PfamEq	Y	N	N	Ribosomal protein S4/S9 N-terminal domain (Provisional)			GO:0019843	9707415	131567.0	cellular organisms	no rank	24133	EBI-EMBL	Ribosomal protein S4/S9 N-terminal domain
5611	NF012391.2	PF00164.27	Ribosom_S12_S23	22.3	22.3	114	PfamEq	Y	N	N	Ribosomal protein S12/S23 (Provisional)			GO:0003735,GO:0005840,GO:0006412		131567.0	cellular organisms	no rank	12410	EBI-EMBL	Ribosomal protein S12/S23
5620	NF012404.2	PF00177.23	Ribosomal_S7	24.0	24.0	149	PfamEq	Y	N	N	Ribosomal protein S7p/S5e (Provisional)				9331418	131567.0	cellular organisms	no rank	17783	EBI-EMBL	Ribosomal protein S7p/S5e
5623	NF012408.2	PF00181.25	Ribosomal_L2	27.5	27.5	77	PfamEq	Y	N	N	Ribosomal Proteins L2, RNA binding domain (Provisional)			GO:0003735,GO:0005840,GO:0006412		131567.0	cellular organisms	no rank	24015	EBI-EMBL	Ribosomal Proteins L2, RNA binding domain
5628	NF012416.2	PF00189.22	Ribosomal_S3_C	34.1	34.1	83	PfamEq	Y	N	N	Ribosomal protein S3, C-terminal domain (Provisional)			GO:0003735,GO:0006412	8036511	131567.0	cellular organisms	no rank	21922	EBI-EMBL	Ribosomal protein S3, C-terminal domain
5634	NF012429.2	PF00203.23	Ribosomal_S19	21.0	21.0	81	PfamEq	Y	Y	N	ribosomal protein S19 family protein			GO:0003735,GO:0005840,GO:0006412		131567.0	cellular organisms	no rank	14006	EBI-EMBL	Ribosomal protein S19
5653	NF012462.2	PF00237.21	Ribosomal_L22	28.0	28.0	103	PfamEq	Y	N	N	Ribosomal protein L22p/L17e (Provisional)			GO:0003735,GO:0005840,GO:0006412	9862810	131567.0	cellular organisms	no rank	18259	EBI-EMBL	Ribosomal protein L22p/L17e
5654	NF012463.2	PF00238.21	Ribosomal_L14	23.6	23.6	122	PfamEq	Y	Y	N	uL14 family ribosomal protein			GO:0003735,GO:0005840,GO:0006412		131567.0	cellular organisms	no rank	13415	EBI-EMBL	Ribosomal protein L14p/L23e
5661	NF012476.2	PF00252.20	Ribosomal_L16	27.9	27.9	132	PfamEq	Y	Y	N	ribosomal protein L16			GO:0003735,GO:0005840,GO:0006412		131567.0	cellular organisms	no rank	17025	EBI-EMBL	Ribosomal protein L16p/L10e
5662	NF012477.2	PF00253.23	Ribosomal_S14	19.7	19.7	54	domain	Y	N	N	Ribosomal protein S14p/S29e (Provisional)			GO:0003735,GO:0005840,GO:0006412		131567.0	cellular organisms	no rank	20892	EBI-EMBL	Ribosomal protein S14p/S29e
5675	NF012498.2	PF00276.22	Ribosomal_L23	30.8	30.8	86	PfamEq	Y	Y	N	50S ribosomal protein L23	rplW		GO:0003735,GO:0005840,GO:0006412		131567.0	cellular organisms	no rank	19657	EBI-EMBL	Ribosomal protein L23
5677	NF012502.2	PF00281.21	Ribosomal_L5	34.9	34.9	57	PfamEq	Y	Y	N	50S ribosomal protein L5	rplE				131567.0	cellular organisms	no rank	22339	EBI-EMBL	Ribosomal protein L5
5688	NF012518.2	PF00297.24	Ribosomal_L3	22.8	22.8	369	PfamEq	Y	Y	N	50S ribosomal protein L3	rplC		GO:0003735,GO:0005840,GO:0006412		131567.0	cellular organisms	no rank	24870	EBI-EMBL	Ribosomal protein L3
5689	NF012519.2	PF00298.21	Ribosomal_L11	21.4	21.4	70	PfamEq	Y	N	N	Ribosomal protein L11, RNA binding domain (Provisional)			GO:0003735,GO:0005840,GO:0006412	8989327,9398519	131567.0	cellular organisms	no rank	19780	EBI-EMBL	Ribosomal protein L11, RNA binding domain
5698	NF012533.2	PF00312.24	Ribosomal_S15	31.0	31.0	81	PfamEq	Y	Y	N	30S ribosomal protein S15			GO:0003735,GO:0005840,GO:0006412	9562554	131567.0	cellular organisms	no rank	19241	EBI-EMBL	Ribosomal protein S15
5702	NF012538.2	PF00318.22	Ribosomal_S2	26.1	26.1	215	PfamEq	Y	Y	N	30S ribosomal protein S2			GO:0003735,GO:0005840,GO:0006412		131567.0	cellular organisms	no rank	27756	EBI-EMBL	Ribosomal protein S2
5706	NF012547.2	PF00327.22	Ribosomal_L30	23.0	23.0	51	PfamEq	Y	Y	N	uL30 family ribosomal protein					131567.0	cellular organisms	no rank	15794	EBI-EMBL	Ribosomal protein L30p/L7e
5711	NF012553.2	PF00333.22	Ribosomal_S5	27.1	27.1	65	PfamEq	Y	N	N	Ribosomal protein S5, N-terminal domain (Provisional)			GO:0003723,GO:0003735,GO:0005840,GO:0006412		131567.0	cellular organisms	no rank	19625	EBI-EMBL	Ribosomal protein S5, N-terminal domain
5713	NF012558.2	PF00338.24	Ribosomal_S10	21.2	21.2	98	PfamEq	Y	N	N	Ribosomal protein S10p/S20e (Provisional)					131567.0	cellular organisms	no rank	8900	EBI-EMBL	Ribosomal protein S10p/S20e
5718	NF012567.2	PF00347.25	Ribosomal_L6	21.6	21.6	76	PfamEq	Y	Y	N	50S ribosomal protein L6	rplF		GO:0003735,GO:0005840,GO:0006412,GO:0019843	8262035,9642068	131567.0	cellular organisms	no rank	26563	EBI-EMBL	Ribosomal protein L6
5728	NF012586.2	PF00366.22	Ribosomal_S17	25.9	25.9	68	PfamEq	Y	Y	N	30S ribosomal protein S17	rpsQ		GO:0003735,GO:0005840,GO:0006412		131567.0	cellular organisms	no rank	18779	EBI-EMBL	Ribosomal protein S17
5735	NF012598.2	PF00380.21	Ribosomal_S9	22.5	22.5	121	PfamEq	Y	Y	N	30S ribosomal protein S9	rpsI		GO:0003735,GO:0005840,GO:0006412		131567.0	cellular organisms	no rank	22138	EBI-EMBL	Ribosomal protein S9/S16
5754	NF012627.2	PF00410.21	Ribosomal_S8	24.0	24.0	126	PfamEq	Y	Y	N	30S ribosomal protein S8	rpsH		GO:0003735,GO:0005840,GO:0006412	8805594	131567.0	cellular organisms	no rank	19582	EBI-EMBL	Ribosomal protein S8
5755	NF012628.2	PF00411.21	Ribosomal_S11	25.1	25.1	110	PfamEq	Y	Y	N	30S ribosomal protein S11	rpsK		GO:0003735,GO:0005840,GO:0006412		131567.0	cellular organisms	no rank	13747	EBI-EMBL	Ribosomal protein S11
5759	NF012633.2	PF00416.24	Ribosomal_S13	27.7	27.7	128	PfamEq	Y	Y	N	30S ribosomal protein S13	rpsM		GO:0003723,GO:0003735,GO:0005840,GO:0006412		131567.0	cellular organisms	no rank	19111	EBI-EMBL	Ribosomal protein S13/S18
5762	NF012643.2	PF00428.21	Ribosomal_60s	28.1	28.1	88	domain	Y	N	N	60s Acidic ribosomal protein (Provisional)				8722011	131567.0	cellular organisms	no rank	864	EBI-EMBL	60s Acidic ribosomal protein
5780	NF012679.2	PF00466.22	Ribosomal_L10	22.8	22.8	100	PfamEq	Y	Y	N	50S ribosomal protein L10	rplJ		GO:0042254		131567.0	cellular organisms	no rank	26457	EBI-EMBL	Ribosomal protein L10
5814	NF012752.2	PF00542.21	Ribosomal_L12	25.9	25.9	67	PfamEq	Y	Y	N	ribosomal protein L7/L12			GO:0003735,GO:0006412	3309338	131567.0	cellular organisms	no rank	24992	EBI-EMBL	Ribosomal protein L7/L12 C-terminal domain
5829	NF012781.2	PF00572.20	Ribosomal_L13	19.6	19.6	119	PfamEq	Y	Y	N	uL13 family ribosomal protein			GO:0003735,GO:0005840,GO:0006412		131567.0	cellular organisms	no rank	21450	EBI-EMBL	Ribosomal protein L13
5830	NF012782.2	PF00573.24	Ribosomal_L4	25.8	25.8	192	PfamEq	Y	Y	N	50S ribosomal protein L4	rplD		GO:0003735,GO:0005840,GO:0006412	9838082	131567.0	cellular organisms	no rank	26534	EBI-EMBL	Ribosomal protein L4/L1 family
5876	NF012890.2	PF00687.23	Ribosomal_L1	32.2	32.2	204	PfamEq	Y	N	N	Ribosomal protein L1p/L10e family (Provisional)					131567.0	cellular organisms	no rank	26814	EBI-EMBL	Ribosomal protein L1p/L10e family
5941	NF013024.2	PF00828.21	Ribosomal_L27A	22.5	22.5	118	PfamEq	Y	Y	N	uL15 family ribosomal protein				11154066,23636399,23695244	131567.0	cellular organisms	no rank	25422	EBI-EMBL	Ribosomal proteins 50S-L15, 50S-L18e, 60S-L27A
5942	NF013027.2	PF00831.25	Ribosomal_L29	24.5	24.5	57	PfamEq	Y	Y	N	50S ribosomal protein L29			GO:0003735,GO:0005840,GO:0006412		131567.0	cellular organisms	no rank	16855	EBI-EMBL	Ribosomal L29 protein
5991	NF013128.2	PF00935.21	Ribosomal_L44	25.0	25.0	76	PfamEq	Y	N	N	Ribosomal protein L44 (Provisional)			GO:0003735,GO:0005840,GO:0006412		131567.0	cellular organisms	no rank	554	EBI-EMBL	Ribosomal protein L44
6060	NF013271.2	PF01090.21	Ribosomal_S19e	29.4	29.4	137	PfamEq	Y	Y	N	40S ribosomal protein S19			GO:0003735,GO:0005840,GO:0006412	16289379,17726054,8367309	131567.0	cellular organisms	no rank	728	EBI-EMBL	Ribosomal protein S19e
6061	NF013273.2	PF01092.21	Ribosomal_S6e	26.0	26.0	124	PfamEq	Y	N	N	Ribosomal protein S6e (Provisional)			GO:0003735,GO:0005840,GO:0006412		131567.0	cellular organisms	no rank	774	EBI-EMBL	Ribosomal protein S6e
6094	NF013336.2	PF01157.20	Ribosomal_L21e	21.6	21.6	101	PfamEq	Y	N	N	Ribosomal protein L21e (Provisional)			GO:0003735,GO:0005840,GO:0006412		131567.0	cellular organisms	no rank	677	EBI-EMBL	Ribosomal protein L21e
6097	NF013342.2	PF01165.22	Ribosomal_S21	21.0	21.0	55	domain	Y	Y	N	30S ribosomal protein S21			GO:0003735,GO:0005840,GO:0006412		131567.0	cellular organisms	no rank	10719	EBI-EMBL	Ribosomal protein S21
6117	NF013371.2	PF01198.21	Ribosomal_L31e	25.0	25.0	82	PfamEq	Y	Y	N	60S ribosomal protein L31			GO:0003735,GO:0005840,GO:0006412		131567.0	cellular organisms	no rank	669	EBI-EMBL	Ribosomal protein L31e
6118	NF013372.2	PF01199.20	Ribosomal_L34e	20.6	20.6	94	PfamEq	Y	N	N	Ribosomal protein L34e (Provisional)			GO:0003735,GO:0005840,GO:0006412		131567.0	cellular organisms	no rank	201	EBI-EMBL	Ribosomal protein L34e
6119	NF013373.2	PF01200.20	Ribosomal_S28e	25.0	25.0	64	PfamEq	Y	N	N	Ribosomal protein S28e (Provisional)			GO:0003735,GO:0005840,GO:0006412		131567.0	cellular organisms	no rank	416	EBI-EMBL	Ribosomal protein S28e
6120	NF013374.2	PF01201.24	Ribosomal_S8e	30.2	30.2	133	PfamEq	Y	N	N	Ribosomal protein S8e (Provisional)					131567.0	cellular organisms	no rank	748	EBI-EMBL	Ribosomal protein S8e
6143	NF013415.2	PF01246.22	Ribosomal_L24e	20.9	20.9	66	PfamEq	Y	N	N	Ribosomal protein L24e (Provisional)					131567.0	cellular organisms	no rank	649	EBI-EMBL	Ribosomal protein L24e
6144	NF013416.2	PF01247.20	Ribosomal_L35Ae	21.8	21.8	95	PfamEq	Y	Y	N	50S ribosomal protein L35ae			GO:0003735,GO:0005840,GO:0006412		131567.0	cellular organisms	no rank	101	EBI-EMBL	Ribosomal protein L35Ae
6161	NF013448.2	PF01280.22	Ribosomal_L19e	25.0	25.0	144	PfamEq	Y	N	N	Ribosomal protein L19e (Provisional)			GO:0003735,GO:0005840,GO:0006412		131567.0	cellular organisms	no rank	742	EBI-EMBL	Ribosomal protein L19e
6162	NF013450.2	PF01282.21	Ribosomal_S24e	25.0	25.0	79	PfamEq	Y	N	N	Ribosomal protein S24e (Provisional)			GO:0003735,GO:0005840,GO:0006412		131567.0	cellular organisms	no rank	713	EBI-EMBL	Ribosomal protein S24e
6163	NF013451.2	PF01283.21	Ribosomal_S26e	20.7	20.7	108	PfamEq	Y	N	N	Ribosomal protein S26e (Provisional)			GO:0003735,GO:0005840,GO:0006412		131567.0	cellular organisms	no rank	131	EBI-EMBL	Ribosomal protein S26e
6168	NF013462.2	PF01294.20	Ribosomal_L13e	24.9	24.9	180	PfamEq	Y	Y	N	ribosomal protein L13e			GO:0003735,GO:0005840,GO:0006412		131567.0	cellular organisms	no rank	97	EBI-EMBL	Ribosomal protein L13e
6303	NF013744.2	PF01599.21	Ribosomal_S27	22.3	22.3	44	PfamEq	Y	N	N	Ribosomal protein S27a (Provisional)			GO:0003735,GO:0005840,GO:0006412	2538753,2538756,9305777	131567.0	cellular organisms	no rank	529	EBI-EMBL	Ribosomal protein S27a
6315	NF013771.2	PF01632.21	Ribosomal_L35p	28.9	28.9	61	PfamEq	Y	Y	N	50S ribosomal protein L35			GO:0003735,GO:0005840,GO:0006412		131567.0	cellular organisms	no rank	14628	EBI-EMBL	Ribosomal protein L35
6329	NF013792.2	PF01655.20	Ribosomal_L32e	25.0	25.0	108	PfamEq	Y	N	N	Ribosomal protein L32 (Provisional)			GO:0003735,GO:0005840,GO:0006412		131567.0	cellular organisms	no rank	776	EBI-EMBL	Ribosomal protein L32
6334	NF013803.2	PF01667.19	Ribosomal_S27e	24.5	24.5	55	PfamEq	Y	N	N	Ribosomal protein S27 (Provisional)			GO:0003735,GO:0005840,GO:0006412	8441676	131567.0	cellular organisms	no rank	584	EBI-EMBL	Ribosomal protein S27
6373	NF013900.2	PF01775.19	Ribosomal_L18A	22.9	22.9	121	PfamEq	Y	N	N	Ribosomal proteins 50S-L18Ae/60S-L20/60S-L18A (Provisional)			GO:0003735,GO:0005840,GO:0006412	1711982	131567.0	cellular organisms	no rank	575	EBI-EMBL	Ribosomal proteins 50S-L18Ae/60S-L20/60S-L18A
6377	NF013908.2	PF01783.25	Ribosomal_L32p	21.3	21.3	56	PfamEq	Y	Y	N	50S ribosomal protein L32			GO:0003735,GO:0006412,GO:0015934		131567.0	cellular organisms	no rank	16993	EBI-EMBL	Ribosomal L32p protein family
6451	NF014020.2	PF01907.21	Ribosomal_L37e	27.6	27.6	54	PfamEq	Y	N	N	Ribosomal protein L37e (Provisional)			GO:0003735,GO:0005840,GO:0006412		131567.0	cellular organisms	no rank	521	EBI-EMBL	Ribosomal protein L37e
7012	NF015268.2	PF03297.17	Ribosomal_S25	28.8	28.8	101	PfamEq	Y	N	N	S25 ribosomal protein (Provisional)				10050887	131567.0	cellular organisms	no rank	149	EBI-EMBL	S25 ribosomal protein
7142	NF015664.2	PF03719.17	Ribosomal_S5_C	21.5	21.5	71	PfamEq	Y	N	N	Ribosomal protein S5, C-terminal domain (Provisional)			GO:0003735,GO:0005840,GO:0006412		131567.0	cellular organisms	no rank	19643	EBI-EMBL	Ribosomal protein S5, C-terminal domain
7198	NF015879.2	PF03946.16	Ribosomal_L11_N	32.9	32.9	58	PfamEq	Y	N	N	Ribosomal protein L11, N-terminal domain (Provisional)					131567.0	cellular organisms	no rank	19748	EBI-EMBL	Ribosomal protein L11, N-terminal domain
7199	NF015880.2	PF03947.20	Ribosomal_L2_C	33.7	33.7	126	PfamEq	Y	N	N	Ribosomal Proteins L2, C-terminal domain (Provisional)			GO:0003735,GO:0005840,GO:0006412		131567.0	cellular organisms	no rank	24127	EBI-EMBL	Ribosomal Proteins L2, C-terminal domain
7440	NF016633.2	PF04758.16	Ribosomal_S30	20.0	20.0	58	PfamEq	Y	Y	N	30S ribosomal protein S30e			GO:0003735,GO:0005840,GO:0006412		131567.0	cellular organisms	no rank	124	EBI-EMBL	Ribosomal protein S30
9619	NF026044.2	PF14693.8	Ribosomal_TL5_C	27.0	27.0	85	PfamEq	Y	N	N	Ribosomal protein TL5, C-terminal domain (Provisional)				11418764	131567.0	cellular organisms	no rank	26419	EBI-EMBL	Ribosomal protein TL5, C-terminal domain
9782	NF028216.2	PF16906.7	Ribosomal_L26	28.8	28.8	82	PfamEq	Y	Y	N	60S ribosomal protein L26			GO:0003735,GO:0006412,GO:0015934	22431104	131567.0	cellular organisms	no rank	746	EBI-EMBL	Ribosomal proteins L26 eukaryotic, L24P archaeal
9806	NF028445.2	PF17135.6	Ribosomal_L18	28.0	28.0	187	PfamEq	Y	N	N	Ribosomal protein 60S L18 and 50S L18e (Provisional)				18400176,19112492,21109664,22052974,22096102,25064512,8950179	131567.0	cellular organisms	no rank	556	EBI-EMBL	Ribosomal protein 60S L18 and 50S L18e
9979	NF036999.2	PF17777.3	RL10P_insert	29.1	29.1	71	domain	Y	N	N	Insertion domain in 60S ribosomal protein L10P (Provisional)				20399793	131567.0	cellular organisms	no rank	848	EBI-EMBL	Insertion domain in 60S ribosomal protein L10P
10403	TIGR00001.1	TIGR00001	rpmI_bact	51.2	51.2	63	equivalog	Y	Y	N	50S ribosomal protein L35	rpmI		GO:0000315,GO:0003735,GO:0006412,GO:0022625		131567.0	cellular organisms	no rank	14442	JCVI	ribosomal protein bL35
10411	TIGR00012.1	TIGR00012	L29	22.6	22.6	56	equivalog	Y	Y	N	50S ribosomal protein L29	rpmC		GO:0000315,GO:0003735,GO:0006412,GO:0022625		131567.0	cellular organisms	no rank	16842	JCVI	ribosomal protein uL29
10416	TIGR00030.1	TIGR00030	S21p	28.95	28.95	58	equivalog	Y	Y	N	30S ribosomal protein S21	rpsU		GO:0000314,GO:0003735,GO:0006412,GO:0022627		131567.0	cellular organisms	no rank	10645	JCVI	ribosomal protein bS21
10559	TIGR00279.1	TIGR00279	uL16_euk_arch	223.55	223.55	172	equivalog	Y	Y	N	50S ribosomal protein L16	rplJ		GO:0003735,GO:0006412,GO:0015934,GO:0022625		131567.0	cellular organisms	no rank	170	JCVI	ribosomal protein uL16
10560	TIGR00280.1	TIGR00280	eL43_euk_arch	95.8	95.8	92	equivalog	Y	Y	N	50S ribosomal protein L37Ae	rpl37A		GO:0000315,GO:0003735,GO:0006412,GO:0022625		131567.0	cellular organisms	no rank	324	JCVI	ribosomal protein eL43
10579	TIGR00307.1	TIGR00307	eS8	78.25	78.25	127	equivalog	Y	Y	N	30S ribosomal protein S8e			GO:0000314,GO:0003735,GO:0006412,GO:0022627		131567.0	cellular organisms	no rank	732	JCVI	ribosomal protein eS8
10800	TIGR00731.1	TIGR00731	bL25_bact_ctc	73.1	73.1	176	equivalog	Y	Y	N	50S ribosomal protein L25			GO:0000315,GO:0003735,GO:0006412,GO:0006950,GO:0008097,GO:0022625	10356982,12432960,9799245	131567.0	cellular organisms	no rank	26510	JCVI	ribosomal protein bL25, Ctc-form
10867	TIGR00982.1	TIGR00982	uS12_E_A	140.2	140.2	139	equivalog	Y	Y	N	30S ribosomal protein S12			GO:0003735,GO:0006412,GO:0022627		131567.0	cellular organisms	no rank	444	JCVI	ribosomal protein uS12
10870	TIGR01008.1	TIGR01008	uS3_euk_arch	150.25	150.25	195	equivalog	Y	Y	N	30S ribosomal protein S3	rpsC		GO:0003735,GO:0006412,GO:0022627		131567.0	cellular organisms	no rank	754	JCVI	ribosomal protein uS3
10871	TIGR01012.1	TIGR01012	uS2_euk_arch	211.5	211.5	196	equivalog	Y	Y	N	30S ribosomal protein S2	rpsB		GO:0003735,GO:0006412,GO:0022627		131567.0	cellular organisms	no rank	716	JCVI	ribosomal protein uS2
10873	TIGR01018.1	TIGR01018	uS4_arch	82.25	82.25	162	equivalog	Y	Y	N	30S ribosomal protein S4	rpsD		GO:0003735,GO:0006412,GO:0022627		131567.0	cellular organisms	no rank	732	JCVI	ribosomal protein uS4
10875	TIGR01020.1	TIGR01020	uS5_euk_arch	181.65	181.65	212	equivalog	Y	Y	N	30S ribosomal protein S5	rpsE		GO:0003735,GO:0006412,GO:0022627		131567.0	cellular organisms	no rank	705	JCVI	ribosomal protein uS5
10876	TIGR01025.1	TIGR01025	uS19_arch	139.0	139.0	135	equivalog	Y	Y	N	30S ribosomal protein S19	rpsS		GO:0003735,GO:0006412,GO:0022627		131567.0	cellular organisms	no rank	678	JCVI	ribosomal protein uS19
10878	TIGR01028.1	TIGR01028	uS7_euk_arch	200.0	200.0	186	equivalog	Y	Y	N	30S ribosomal protein S7	rpsG		GO:0003735,GO:0006412,GO:0022627		131567.0	cellular organisms	no rank	744	JCVI	ribosomal protein uS7
10883	TIGR01038.1	TIGR01038	uL22_arch_euk	79.85	79.85	148	equivalog	Y	Y	N	50S ribosomal protein L22	rplV		GO:0003735,GO:0006412,GO:0022625		131567.0	cellular organisms	no rank	714	JCVI	ribosomal protein uL22
10886	TIGR01046.1	TIGR01046	uS10_euk_arch	96.25	96.25	99	equivalog	Y	Y	N	30S ribosomal protein S10	rpsJ		GO:0003735,GO:0006412,GO:0022627		131567.0	cellular organisms	no rank	430	JCVI	ribosomal protein uS10
10888	TIGR01049.1	TIGR01049	rpsJ_bact	72.75	72.75	99	equivalog	Y	Y	N	30S ribosomal protein S10	rpsJ		GO:0000314,GO:0003735,GO:0006412,GO:0022627		131567.0	cellular organisms	no rank	8049	JCVI	ribosomal protein uS10
10889	TIGR01050.1	TIGR01050	rpsS_bact	89.35	89.35	92	equivalog	Y	Y	N	30S ribosomal protein S19	rpsS		GO:0000314,GO:0003735,GO:0006412,GO:0022627	10512703	131567.0	cellular organisms	no rank	13198	JCVI	ribosomal protein uS19
10901	TIGR01071.1	TIGR01071	rplO_bact	77.95	77.95	144	equivalog	Y	Y	N	50S ribosomal protein L15	rplO		GO:0000315,GO:0003735,GO:0006412,GO:0022625	2204629	131567.0	cellular organisms	no rank	23921	JCVI	ribosomal protein uL15
10903	TIGR01077.1	TIGR01077	L13_A_E	98.9	98.9	141	equivalog	Y	Y	N	50S ribosomal protein L13	rplM		GO:0003735,GO:0006412,GO:0022625		131567.0	cellular organisms	no rank	740	JCVI	ribosomal protein uL13
10904	TIGR01080.1	TIGR01080	rplX_A_E	47.65	47.65	116	equivalog	Y	Y	N	50S ribosomal protein L24	rplX		GO:0003735,GO:0006412,GO:0022625		131567.0	cellular organisms	no rank	744	JCVI	ribosomal protein uL24
10933	TIGR01164.1	TIGR01164	rplP_bact	76.85	76.85	126	equivalog	Y	Y	N	50S ribosomal protein L16	rplP		GO:0000315,GO:0003735,GO:0006412,GO:0022625	15561149,786730	131567.0	cellular organisms	no rank	16189	JCVI	ribosomal protein uL16
10937	TIGR01171.1	TIGR01171	rplB_bact	174.5	174.5	275	equivalog	Y	Y	N	50S ribosomal protein L2	rplB		GO:0000315,GO:0003735,GO:0006412,GO:0022625		131567.0	cellular organisms	no rank	23555	JCVI	ribosomal protein uL2
11000	TIGR01308.1	TIGR01308	rpmD_bact	44.65	44.65	55	equivalog	Y	Y	N	50S ribosomal protein L30	rpmD		GO:0000315,GO:0003735,GO:0006412,GO:0022625	3463963	131567.0	cellular organisms	no rank	14978	JCVI	ribosomal protein uL30
11584	TIGR03630.1	TIGR03630	uS17_arch	105.0	105.0	102	equivalog	Y	Y	N	30S ribosomal protein S17			GO:0003735,GO:0006412,GO:0022627		131567.0	cellular organisms	no rank	629	JCVI	ribosomal protein uS17
11585	TIGR03636.1	TIGR03636	uL23_arch	94.95	94.95	77	equivalog	Y	Y	N	50S ribosomal protein L23			GO:0003735,GO:0006412,GO:0022625		131567.0	cellular organisms	no rank	597	JCVI	ribosomal protein uL23
11601	TIGR03685.1	TIGR03685	ribo_P1_arch	100.0	100.0	105	equivalog	Y	Y	N	50S ribosomal protein P1	rpl12p			10328820,28042029	131567.0	cellular organisms	no rank	725	JCVI	50S ribosomal protein P1
11942	NF010125.0	PRK13602	PRK13602.1	113.0	113.0	82	equivalog	Y	Y	N	50S ribosomal protein L7ae-like protein					1385.0	Bacillales	order	875	NCBI Protein Cluster (PRK)	putative ribosomal protein L7Ae-like
12498	NF004369.0	PRK05738	PRK05738.3-5	177.0	177.0	104	equivalog	Y	Y	N	50S ribosomal protein L23					171.0	Leptospira	genus	57	NCBI Protein Cluster (PRK)	50S ribosomal protein L23
12771	NF011093.0	PRK14520	PRK14520.1	165.0	165.0	156	equivalog	Y	Y	N	30S ribosomal protein S16	rpsP		GO:0003735,GO:0006412		1760.0	Actinomycetia	class	5647	NCBI Protein Cluster (PRK)	30S ribosomal protein S16
13168	NF004133.0	PRK05618	PRK05618.2-4	197.0	197.0	210	equivalog	Y	Y	N	50S ribosomal protein L25/general stress protein Ctc			GO:0003735,GO:0005840,GO:0006412,GO:0008097		1783272.0	Terrabacteria group	no rank	2439	NCBI Protein Cluster (PRK)	50S ribosomal protein L25/general stress protein Ctc
13169	NF004368.0	PRK05738	PRK05738.3-4	122.0	122.0	100	equivalog	Y	Y	N	50S ribosomal protein L23					1783272.0	Terrabacteria group	no rank	418	NCBI Protein Cluster (PRK)	50S ribosomal protein L23
13206	NF011109.0	PRK14537	PRK14537.1	187.0	187.0	232	equivalog	Y	N	N	50S ribosomal protein L20/unknown domain fusion protein (Provisional)					1783272.0	Terrabacteria group	no rank	28	NCBI Protein Cluster (PRK)	50S ribosomal protein L20/unknown domain fusion protein
13472	NF006816.0	PRK09335	PRK09335.1	118.0	118.0	96	equivalog	Y	Y	N	30S ribosomal protein S26e					1783275.0	TACK group	no rank	98	NCBI Protein Cluster (PRK)	30S ribosomal protein S26e
13473	NF006817.0	PRK09336	PRK09336.1	75.0	75.0	52	equivalog	Y	Y	N	30S ribosomal protein S30e					1783275.0	TACK group	no rank	66	NCBI Protein Cluster (PRK)	30S ribosomal protein S30e
13500	NF002261.0	PRK01192	PRK01192.1-4	110.0	110.0	101	equivalog	Y	Y	N	50S ribosomal protein L31e					183924.0	Thermoprotei	class	34	NCBI Protein Cluster (PRK)	50S ribosomal protein L31e
13501	NF003095.0	PRK04019	PRK04019.1-1	381.0	381.0	339	equivalog	Y	Y	N	50S ribosomal protein L10					183924.0	Thermoprotei	class	65	NCBI Protein Cluster (PRK)	acidic ribosomal protein P0
13506	NF003292.0	PRK04290	PRK04290.1-1	253.0	253.0	216	equivalog	Y	Y	N	30S ribosomal protein S6e					183924.0	Thermoprotei	class	48	NCBI Protein Cluster (PRK)	30S ribosomal protein S6e
13520	NF006813.0	PRK09334	PRK09334.1-3	83.0	83.0	97	equivalog	Y	Y	N	30S ribosomal protein S25e					183924.0	Thermoprotei	class	20	NCBI Protein Cluster (PRK)	30S ribosomal protein S25e
13521	NF008914.0	PRK12277	PRK12277.1	96.0	96.0	83	equivalog	Y	Y	N	50S ribosomal protein L13e					183924.0	Thermoprotei	class	30	NCBI Protein Cluster (PRK)	50S ribosomal protein L13e
13543	NF002260.0	PRK01192	PRK01192.1-3	137.0	137.0	92	equivalog	Y	Y	N	50S ribosomal protein L31e					183963.0	Halobacteria	class	297	NCBI Protein Cluster (PRK)	50S ribosomal protein L31e
13550	NF003097.0	PRK04019	PRK04019.1-4	547.0	547.0	353	equivalog	Y	Y	N	50S ribosomal protein L10					183963.0	Halobacteria	class	393	NCBI Protein Cluster (PRK)	acidic ribosomal protein P0
13552	NF003241.0	PRK04199	PRK04199.1-6	284.0	284.0	176	equivalog	Y	Y	N	50S ribosomal protein L16					183963.0	Halobacteria	class	319	NCBI Protein Cluster (PRK)	50S ribosomal protein L10e
13582	NF009401.0	PRK12766	PRK12766.1	239.0	239.0	238	equivalog	Y	Y	N	50S ribosomal protein L32e					183963.0	Halobacteria	class	374	NCBI Protein Cluster (PRK)	50S ribosomal protein L32e
13824	NF004361.0	PRK05738	PRK05738.2-1	144.0	144.0	98	equivalog	Y	Y	N	50S ribosomal protein L23					186826.0	Lactobacillales	order	264	NCBI Protein Cluster (PRK)	50S ribosomal protein L23
13979	NF004365.0	PRK05738	PRK05738.3-1	166.0	166.0	100	equivalog	Y	Y	N	50S ribosomal protein L23					1890424.0	Synechococcales	order	77	NCBI Protein Cluster (PRK)	50S ribosomal protein L23
14138	NF000585.0	PRK00010	PRK00010.1	186.0	186.0	181	equivalog	Y	Y	N	50S ribosomal protein L5	rplE		GO:0003735,GO:0005840,GO:0006412	11866091	2.0	Bacteria	superkingdom	21451	NCBI Protein Cluster (PRK)	50S ribosomal protein L5
14142	NF000612.0	PRK00019	PRK00019.1	70.0	70.0	72	equivalog	Y	Y	N	50S ribosomal protein L31	rpmE		GO:0003735,GO:0005840,GO:0006412	11574053,15049826,16547061	2.0	Bacteria	superkingdom	9912	NCBI Protein Cluster (PRK)	50S ribosomal protein L31
14175	NF000955.1	PRK00099	PRK00099.1-1	85.0	85.0	168	equivalog	Y	Y	N	50S ribosomal protein L10	rplJ		GO:0003735,GO:0006412,GO:0015934		2.0	Bacteria	superkingdom	25520	NCBI Protein Cluster (PRK)	50S ribosomal protein L10
14186	NF001109.0	PRK00136	PRK00136.1	119.0	119.0	131	equivalog	Y	Y	N	30S ribosomal protein S8	rpsH		GO:0003735,GO:0005840,GO:0006412	9061793	2.0	Bacteria	superkingdom	18595	NCBI Protein Cluster (PRK)	30S ribosomal protein S8
14257	NF001746.0	PRK00465	PRK00465.1	54.0	54.0	37	equivalog	Y	Y	N	50S ribosomal protein L36	rpmJ		GO:0003735,GO:0005840,GO:0006412	10656825,11168885,12904577	2.0	Bacteria	superkingdom	4037	NCBI Protein Cluster (PRK)	50S ribosomal protein L36
14260	NF001764.0	PRK00504	PRK00504.1	40.0	40.0	50	subfamily	Y	Y	N	50S ribosomal protein L33				15049826	2.0	Bacteria	superkingdom	9827	NCBI Protein Cluster (PRK)	50S ribosomal protein L33
14264	NF001809.0	PRK00528	PRK00528.1	70.0	70.0	75	equivalog	Y	Y	N	50S ribosomal protein L31	rpmE		GO:0003735,GO:0006412		2.0	Bacteria	superkingdom	11041	NCBI Protein Cluster (PRK)	50S ribosomal protein L31
14272	NF001860.0	PRK00595	PRK00595.1	59.0	59.0	53	subfamily	Y	Y	N	50S ribosomal protein L33				9044258	2.0	Bacteria	superkingdom	14017	NCBI Protein Cluster (PRK)	50S ribosomal protein L33
14273	NF001861.0	PRK00596	PRK00596.1	85.0	85.0	102	equivalog	Y	Y	N	30S ribosomal protein S10	rpsJ		GO:0003723,GO:0003735,GO:0005840,GO:0006412		2.0	Bacteria	superkingdom	8022	NCBI Protein Cluster (PRK)	30S ribosomal protein S10
14303	NF002021.1	PRK00831	PRK00831.1	70.0	70.0	41	exception	Y	Y	N	type B 50S ribosomal protein L36	ykgO		GO:0003735,GO:0005840,GO:0006412	32559334	2.0	Bacteria	superkingdom	3390	NCBI Protein Cluster (PRK)	50S ribosomal protein L36
14374	NF002462.1	PRK01678	PRK01678.1	86.0	86.0	80	exception	Y	Y	N	type B 50S ribosomal protein L31			GO:0003735,GO:0005840,GO:0006412	11574053,15049826,16547061,32559334	2.0	Bacteria	superkingdom	12817	NCBI Protein Cluster (PRK)	50S ribosomal protein L31 type B
14524	NF003526.0	PRK05185	PRK05185.1	122.0	122.0	119	equivalog	Y	Y	N	50S ribosomal protein L20	rplT		GO:0003735,GO:0005840,GO:0006412,GO:0019843		2.0	Bacteria	superkingdom	18139	NCBI Protein Cluster (PRK)	50S ribosomal protein L20
14570	NF003698.1	PRK05309	PRK05309.1	111.0	111.0	120	equivalog	Y	Y	N	30S ribosomal protein S11	rpsK		GO:0003735,GO:0005840,GO:0006412	12937172,2459389,3191988,7007074	2.0	Bacteria	superkingdom	12966	NCBI Protein Cluster (PRK)	30S ribosomal protein S11
14577	NF003717.0	PRK05327	PRK05327.1	116.0	116.0	202	equivalog	Y	Y	N	30S ribosomal protein S4	rpsD		GO:0003735,GO:0006412,GO:0015935,GO:0019843	11401563,11447122,1400226,1699930,1906866,4587210,7559430,9707415	2.0	Bacteria	superkingdom	24062	NCBI Protein Cluster (PRK)	30S ribosomal protein S4
14657	NF004128.0	PRK05618	PRK05618.1-2	174.0	174.0	210	equivalog	Y	Y	N	50S ribosomal protein L25/general stress protein Ctc			GO:0003735,GO:0006412,GO:0008097		2.0	Bacteria	superkingdom	9094	NCBI Protein Cluster (PRK)	50S ribosomal protein L25/general stress protein Ctc
14658	NF004129.0	PRK05618	PRK05618.1-4	164.0	164.0	178	equivalog	Y	Y	N	50S ribosomal protein L25/general stress protein Ctc					2.0	Bacteria	superkingdom	975	NCBI Protein Cluster (PRK)	50S ribosomal protein L25/general stress protein Ctc
14659	NF004131.0	PRK05618	PRK05618.2-1	189.0	189.0	207	equivalog	Y	Y	N	50S ribosomal protein L25/general stress protein Ctc			GO:0003735,GO:0005840,GO:0006412		2.0	Bacteria	superkingdom	6275	NCBI Protein Cluster (PRK)	50S ribosomal protein L25/general stress protein Ctc
14660	NF004132.0	PRK05618	PRK05618.2-2	225.0	225.0	193	equivalog	Y	Y	N	50S ribosomal protein L25/general stress protein Ctc			GO:0003735,GO:0005840,GO:0006412,GO:0008097		2.0	Bacteria	superkingdom	2635	NCBI Protein Cluster (PRK)	50S ribosomal protein L25/general stress protein Ctc
14661	NF004135.0	PRK05618	PRK05618.3-1	222.0	222.0	190	equivalog	Y	Y	N	50S ribosomal protein L25/general stress protein Ctc					2.0	Bacteria	superkingdom	143	NCBI Protein Cluster (PRK)	50S ribosomal protein L25/general stress protein Ctc
14662	NF004136.0	PRK05618	PRK05618.3-2	212.0	212.0	202	equivalog	Y	Y	N	50S ribosomal protein L25/general stress protein Ctc					2.0	Bacteria	superkingdom	109	NCBI Protein Cluster (PRK)	50S ribosomal protein L25/general stress protein Ctc
14663	NF004137.0	PRK05618	PRK05618.3-3	270.0	270.0	241	equivalog	Y	Y	N	50S ribosomal protein L25/general stress protein Ctc					2.0	Bacteria	superkingdom	165	NCBI Protein Cluster (PRK)	50S ribosomal protein L25/general stress protein Ctc
14664	NF004139.0	PRK05618	PRK05618.4-2	195.0	195.0	202	equivalog	Y	Y	N	50S ribosomal protein L25/general stress protein Ctc					2.0	Bacteria	superkingdom	306	NCBI Protein Cluster (PRK)	50S ribosomal protein L25/general stress protein Ctc
14699	NF004359.0	PRK05738	PRK05738.1-3	94.0	94.0	99	equivalog	Y	Y	N	50S ribosomal protein L23	rplW		GO:0003735,GO:0005840,GO:0006412		2.0	Bacteria	superkingdom	8824	NCBI Protein Cluster (PRK)	50S ribosomal protein L23
14700	NF004360.0	PRK05738	PRK05738.1-5	118.0	118.0	99	equivalog	Y	Y	N	50S ribosomal protein L23			GO:0003735,GO:0005840,GO:0006412		2.0	Bacteria	superkingdom	3001	NCBI Protein Cluster (PRK)	50S ribosomal protein L23
14701	NF004362.0	PRK05738	PRK05738.2-2	101.0	101.0	93	equivalog	Y	Y	N	50S ribosomal protein L23					2.0	Bacteria	superkingdom	355	NCBI Protein Cluster (PRK)	50S ribosomal protein L23
14702	NF004363.0	PRK05738	PRK05738.2-4	81.0	81.0	96	equivalog	Y	Y	N	50S ribosomal protein L23	rplW		GO:0003735,GO:0005840,GO:0006412		2.0	Bacteria	superkingdom	18205	NCBI Protein Cluster (PRK)	50S ribosomal protein L23
14703	NF004364.0	PRK05738	PRK05738.2-5	117.0	117.0	101	equivalog	Y	Y	N	50S ribosomal protein L23	rplW		GO:0003735,GO:0005840,GO:0006412		2.0	Bacteria	superkingdom	3685	NCBI Protein Cluster (PRK)	50S ribosomal protein L23
14704	NF004366.0	PRK05738	PRK05738.3-2	111.0	111.0	96	equivalog	Y	Y	N	50S ribosomal protein L23					2.0	Bacteria	superkingdom	2102	NCBI Protein Cluster (PRK)	50S ribosomal protein L23
14853	NF004952.0	PRK06299	PRK06299.1-2	524.0	524.0	580	equivalog	Y	Y	N	30S ribosomal protein S1					2.0	Bacteria	superkingdom	12711	NCBI Protein Cluster (PRK)	30S ribosomal protein S1
14854	NF004953.0	PRK06299	PRK06299.1-3	720.0	720.0	580	equivalog	Y	Y	N	30S ribosomal protein S1	rpsA		GO:0003676		2.0	Bacteria	superkingdom	3073	NCBI Protein Cluster (PRK)	30S ribosomal protein S1
14855	NF004954.0	PRK06299	PRK06299.1-4	727.0	727.0	560	equivalog	Y	Y	N	30S ribosomal protein S1	rpsA		GO:0003723,GO:0003735,GO:0005840,GO:0006412		2.0	Bacteria	superkingdom	7069	NCBI Protein Cluster (PRK)	30S ribosomal protein S1
14856	NF004955.0	PRK06299	PRK06299.1-5	878.0	878.0	566	equivalog	Y	Y	N	30S ribosomal protein S1	rpsA		GO:0003723,GO:0003735,GO:0005840,GO:0006412		2.0	Bacteria	superkingdom	3569	NCBI Protein Cluster (PRK)	30S ribosomal protein S1
15125	NF005974.0	PRK08061	PRK08061.1	77.0	77.0	61	equivalog	Y	Y	N	type Z 30S ribosomal protein S14			GO:0003735,GO:0005840,GO:0006412	11574053,12904577,15049826,9746356	2.0	Bacteria	superkingdom	4712	NCBI Protein Cluster (PRK)	30S ribosomal protein S14
15256	NF006477.0	PRK08881	PRK08881.1	77.0	77.0	101	equivalog	Y	Y	N	30S ribosomal protein S14	rpsN		GO:0003735,GO:0005840,GO:0006412	11574053,12904577,15049826,9746356	2.0	Bacteria	superkingdom	15537	NCBI Protein Cluster (PRK)	30S ribosomal protein S14
15766	NF008921.0	PRK12281	PRK12281.1	89.0	89.0	77	equivalog	Y	Y	N	50S ribosomal protein L24					2.0	Bacteria	superkingdom	7605	NCBI Protein Cluster (PRK)	50S ribosomal protein L24
16132	NF011094.0	PRK14521	PRK14521.1	209.0	209.0	186	equivalog	Y	Y	N	30S ribosomal protein S16			GO:0003735,GO:0005840,GO:0006412		2.0	Bacteria	superkingdom	2733	NCBI Protein Cluster (PRK)	30S ribosomal protein S16
16144	NF011339.0	PRK14753	PRK14753.1	58.0	58.0	27	equivalog	Y	N	N	30S ribosomal protein Thx (Provisional)					2.0	Bacteria	superkingdom	14	NCBI Protein Cluster (PRK)	30S ribosomal protein Thx
16313	NF012658.2	PF00444.20	Ribosomal_L36	26.1	26.1	38	domain	Y	Y	N	50S ribosomal protein L36			GO:0003735,GO:0005840,GO:0006412		2.0	Bacteria	superkingdom	7902	EBI-EMBL	Ribosomal protein L36
16315	NF012667.2	PF00453.20	Ribosomal_L20	30.8	30.8	107	PfamEq	Y	Y	N	50S ribosomal protein L20			GO:0003735,GO:0005840,GO:0006412,GO:0019843		2.0	Bacteria	superkingdom	18347	EBI-EMBL	Ribosomal protein L20
16319	NF012681.2	PF00468.19	Ribosomal_L34	25.0	25.0	44	PfamEq	Y	Y	N	50S ribosomal protein L34			GO:0003735,GO:0005840,GO:0006412		2.0	Bacteria	superkingdom	9927	EBI-EMBL	Ribosomal protein L34
16321	NF012683.2	PF00471.22	Ribosomal_L33	21.3	21.3	47	domain	Y	Y	N	50S ribosomal protein L33			GO:0003735,GO:0005840,GO:0006412		2.0	Bacteria	superkingdom	16466	EBI-EMBL	Ribosomal protein L33
16380	NF013025.2	PF00829.23	Ribosomal_L21p	21.1	21.1	100	PfamEq	Y	Y	N	bL21 family ribosomal protein			GO:0005840		2.0	Bacteria	superkingdom	20282	EBI-EMBL	Ribosomal prokaryotic L21 protein
16389	NF013082.2	PF00886.21	Ribosomal_S16	21.2	21.2	62	PfamEq	Y	Y	N	30S ribosomal protein S16			GO:0003735,GO:0005840,GO:0006412		2.0	Bacteria	superkingdom	22411	EBI-EMBL	Ribosomal protein S16
16406	NF013203.2	PF01016.21	Ribosomal_L27	20.5	20.5	79	PfamEq	Y	Y	N	50S ribosomal protein L27			GO:0003735,GO:0005840,GO:0006412		2.0	Bacteria	superkingdom	17829	EBI-EMBL	Ribosomal L27 protein
16414	NF013266.2	PF01084.22	Ribosomal_S18	21.0	21.0	52	domain	Y	N	N	Ribosomal protein S18 (Provisional)			GO:0003735,GO:0005840,GO:0006412		2.0	Bacteria	superkingdom	14080	EBI-EMBL	Ribosomal protein S18
16425	NF013369.2	PF01196.21	Ribosomal_L17	20.2	20.2	97	PfamEq	Y	N	N	Ribosomal protein L17 (Provisional)			GO:0003735,GO:0005840,GO:0006412		2.0	Bacteria	superkingdom	23303	EBI-EMBL	Ribosomal protein L17
16426	NF013370.2	PF01197.20	Ribosomal_L31	21.8	21.8	67	domain	Y	Y	N	50S ribosomal protein L31			GO:0003735,GO:0005840,GO:0006412		2.0	Bacteria	superkingdom	26095	EBI-EMBL	Ribosomal protein L31
16435	NF013414.2	PF01245.22	Ribosomal_L19	22.0	22.0	111	PfamEq	Y	Y	N	50S ribosomal protein L19			GO:0003735,GO:0005840,GO:0006412		2.0	Bacteria	superkingdom	21291	EBI-EMBL	Ribosomal protein L19
16436	NF013418.2	PF01249.20	Ribosomal_S21e	25.0	25.0	79	domain	Y	Y	N	40S ribosomal protein S21			GO:0003735,GO:0005840,GO:0006412		2.0	Bacteria	superkingdom	13	EBI-EMBL	Ribosomal protein S21e
16437	NF013419.2	PF01250.19	Ribosomal_S6	21.7	21.7	90	PfamEq	Y	Y	N	30S ribosomal protein S6			GO:0003735,GO:0005840,GO:0006412,GO:0019843	8137808	2.0	Bacteria	superkingdom	21778	EBI-EMBL	Ribosomal protein S6
16442	NF013449.2	PF01281.21	Ribosomal_L9_N	20.7	20.7	47	PfamEq	Y	N	N	Ribosomal protein L9, N-terminal domain (Provisional)				8306963	2.0	Bacteria	superkingdom	27102	EBI-EMBL	Ribosomal protein L9, N-terminal domain
16493	NF013787.2	PF01649.20	Ribosomal_S20p	29.5	29.5	82	PfamEq	Y	Y	N	30S ribosomal protein S20			GO:0003723,GO:0003735,GO:0005840,GO:0006412	3373529	2.0	Bacteria	superkingdom	21283	EBI-EMBL	Ribosomal protein S20
16518	NF013901.2	PF01776.19	Ribosomal_L22e	23.6	23.6	109	domain	Y	Y	N	60S ribosomal protein L22			GO:0003735,GO:0005840,GO:0006412		2.0	Bacteria	superkingdom	21	EBI-EMBL	Ribosomal L22e protein family
16519	NF013903.2	PF01778.19	Ribosomal_L28e	33.2	33.2	115	domain	Y	Y	N	60S ribosomal protein L28					2.0	Bacteria	superkingdom	23	EBI-EMBL	Ribosomal L28e protein family
16887	NF015881.2	PF03948.16	Ribosomal_L9_C	23.2	23.2	87	PfamEq	Y	N	N	Ribosomal protein L9, C-terminal domain (Provisional)				8306963	2.0	Bacteria	superkingdom	27112	EBI-EMBL	Ribosomal protein L9, C-terminal domain
17506	NF018664.2	PF06984.15	MRP-L47	21.1	21.1	87	PfamEq	Y	N	N	Mitochondrial 39-S ribosomal protein L47 (MRP-L47) (Provisional)			GO:0003735,GO:0005761,GO:0006412	9445368	2.0	Bacteria	superkingdom	438	EBI-EMBL	Mitochondrial 39-S ribosomal protein L47 (MRP-L47)
19733	NF027644.2	PF16320.7	Ribosomal_L12_N	25.0	25.0	48	PfamEq	Y	N	N	Ribosomal protein L7/L12 dimerisation domain (Provisional)			GO:0003735,GO:0005840,GO:0006412	10637222	2.0	Bacteria	superkingdom	22636	EBI-EMBL	Ribosomal protein L7/L12 dimerisation domain
19867	NF028377.2	PF17067.7	RPS31	32.5	32.5	99	PfamEq	Y	N	N	Ribosomal protein S31e (Provisional)			GO:0005840	19210616	2.0	Bacteria	superkingdom	144	EBI-EMBL	Ribosomal protein S31e
19868	NF028380.2	PF17070.7	Thx	29.7	29.7	27	PfamEq	Y	Y	N	30S ribosomal protein Thx			GO:0005840	11014182	2.0	Bacteria	superkingdom	772	EBI-EMBL	30S ribosomal protein Thx
19882	NF028446.2	PF17136.6	ribosomal_L24	27.0	27.0	65	PfamEq	Y	N	N	Ribosomal proteins 50S L24/mitochondrial 39S L24 (Provisional)			GO:0003735,GO:0005840,GO:0006412		2.0	Bacteria	superkingdom	20546	EBI-EMBL	Ribosomal proteins 50S L24/mitochondrial 39S L24
21035	TIGR00002.1	TIGR00002	S16	45.3	45.3	78	equivalog	Y	Y	N	30S ribosomal protein S16	rpsP		GO:0000314,GO:0003735,GO:0006412,GO:0022627		2.0	Bacteria	superkingdom	22358	JCVI	ribosomal protein bS16
21037	TIGR00009.1	TIGR00009	L28	48.3	48.3	58	equivalog	Y	Y	N	50S ribosomal protein L28	rpmB		GO:0000311,GO:0003735,GO:0006412,GO:0022625		2.0	Bacteria	superkingdom	17954	JCVI	ribosomal protein bL28
21046	TIGR00029.2	TIGR00029	S20	33.0	33.0	84	equivalog	Y	Y	N	30S ribosomal protein S20	rpsT		GO:0000312,GO:0003735,GO:0006412,GO:0022627		2.0	Bacteria	superkingdom	21288	JCVI	ribosomal protein bS20
21057	TIGR00059.1	TIGR00059	L17	70.05	70.05	112	equivalog	Y	Y	N	50S ribosomal protein L17	rplQ		GO:0003735,GO:0005762,GO:0006412,GO:0022625		2.0	Bacteria	superkingdom	22673	JCVI	ribosomal protein bL17
21058	TIGR00060.1	TIGR00060	L18_bact	87.85	87.85	114	equivalog	Y	Y	N	50S ribosomal protein L18	rplR		GO:0000315,GO:0003735,GO:0006412,GO:0022625		2.0	Bacteria	superkingdom	21238	JCVI	ribosomal protein uL18
21059	TIGR00061.1	TIGR00061	L21	43.7	43.7	101	equivalog	Y	Y	N	50S ribosomal protein L21	rplU		GO:0000311,GO:0003735,GO:0006412,GO:0022625		2.0	Bacteria	superkingdom	20167	JCVI	ribosomal protein bL21
21060	TIGR00062.1	TIGR00062	L27	90.35	90.35	83	equivalog	Y	Y	N	50S ribosomal protein L27	rpmA		GO:0000315,GO:0003735,GO:0006412,GO:0022625	16285924	2.0	Bacteria	superkingdom	17623	JCVI	ribosomal protein bL27
21074	TIGR00105.1	TIGR00105	L31	38.35	38.35	68	equivalog	Y	Y	N	50S ribosomal protein L31	rpmE		GO:0000315,GO:0003735,GO:0006412,GO:0022625	15049826,22196016	2.0	Bacteria	superkingdom	25889	JCVI	ribosomal protein bL31
21091	TIGR00158.1	TIGR00158	L9	58.6	58.6	148	equivalog	Y	Y	N	50S ribosomal protein L9	rplI		GO:0000311,GO:0003735,GO:0006412,GO:0022625		2.0	Bacteria	superkingdom	27197	JCVI	ribosomal protein bL9
21094	TIGR00165.1	TIGR00165	S18	38.75	38.75	70	equivalog	Y	Y	N	30S ribosomal protein S18	rpsR		GO:0000314,GO:0003735,GO:0006412,GO:0022627		2.0	Bacteria	superkingdom	14061	JCVI	ribosomal protein bS18
21095	TIGR00166.1	TIGR00166	S6	42.9	42.9	95	equivalog	Y	Y	N	30S ribosomal protein S6	rpsF		GO:0000314,GO:0003735,GO:0006412,GO:0022627		2.0	Bacteria	superkingdom	21603	JCVI	ribosomal protein bS6
21250	TIGR00717.1	TIGR00717	rpsA	577.0	577.0	516	equivalog	Y	Y	N	30S ribosomal protein S1	rpsA		GO:0000314,GO:0003735,GO:0006412,GO:0022627	9179491	2.0	Bacteria	superkingdom	12832	JCVI	ribosomal protein bS1
21312	TIGR00855.1	TIGR00855	L12	84.4	84.4	125	equivalog	Y	Y	N	50S ribosomal protein L7/L12	rplL		GO:0000315,GO:0003735,GO:0006412,GO:0022625		2.0	Bacteria	superkingdom	22843	JCVI	ribosomal protein bL12
21350	TIGR00952.1	TIGR00952	S15_bact	63.65	63.65	86	equivalog	Y	Y	N	30S ribosomal protein S15	rpsO		GO:0000314,GO:0003735,GO:0006412,GO:0022627	10742169,6394953,8989316,9208917	2.0	Bacteria	superkingdom	18437	JCVI	ribosomal protein uS15
21360	TIGR00981.1	TIGR00981	rpsL_bact	112.95	112.95	124	equivalog	Y	Y	N	30S ribosomal protein S12	rpsL		GO:0000314,GO:0003735,GO:0006412,GO:0022627		2.0	Bacteria	superkingdom	11928	JCVI	ribosomal protein uS12
21366	TIGR01009.1	TIGR01009	rpsC_bact	114.5	114.5	212	equivalog	Y	Y	N	30S ribosomal protein S3	rpsC		GO:0000312,GO:0003735,GO:0006412,GO:0022627		2.0	Bacteria	superkingdom	21243	JCVI	ribosomal protein uS3
21367	TIGR01011.1	TIGR01011	rpsB_bact	76.3	76.3	225	equivalog	Y	Y	N	30S ribosomal protein S2	rpsB		GO:0000314,GO:0003735,GO:0006412,GO:0022627		2.0	Bacteria	superkingdom	26897	JCVI	ribosomal protein uS2
21369	TIGR01017.1	TIGR01017	rpsD_bact	177.2	177.2	200	equivalog	Y	Y	N	30S ribosomal protein S4	rpsD		GO:0000314,GO:0003735,GO:0006412,GO:0022627		2.0	Bacteria	superkingdom	23813	JCVI	ribosomal protein uS4
21370	TIGR01021.1	TIGR01021	rpsE_bact	164.05	164.05	156	equivalog	Y	Y	N	30S ribosomal protein S5	rpsE		GO:0000312,GO:0003735,GO:0006412,GO:0022627	363452,9642068	2.0	Bacteria	superkingdom	18851	JCVI	ribosomal protein uS5
21371	TIGR01022.1	TIGR01022	rpmJ_bact	22.7	22.7	37	equivalog	Y	Y	N	50S ribosomal protein L36	rpmJ		GO:0000315,GO:0003735,GO:0006412,GO:0022625		2.0	Bacteria	superkingdom	6827	JCVI	ribosomal protein bL36
21372	TIGR01023.1	TIGR01023	rpmG_bact	23.95	23.95	56	equivalog	Y	Y	N	50S ribosomal protein L33	rpmG		GO:0000315,GO:0003735,GO:0006412,GO:0022625		2.0	Bacteria	superkingdom	16455	JCVI	ribosomal protein bL33
21373	TIGR01024.1	TIGR01024	rplS_bact	90.7	90.7	114	equivalog	Y	Y	N	50S ribosomal protein L19	rplS		GO:0000311,GO:0003735,GO:0006412,GO:0022625		2.0	Bacteria	superkingdom	21046	JCVI	ribosomal protein bL19
21375	TIGR01029.1	TIGR01029	rpsG_bact	135.85	135.85	154	equivalog	Y	Y	N	30S ribosomal protein S7	rpsG		GO:0000314,GO:0003735,GO:0006412,GO:0022627	10588692,11866529,9331418	2.0	Bacteria	superkingdom	17008	JCVI	ribosomal protein uS7
21376	TIGR01030.1	TIGR01030	rpmH_bact	37.65	37.65	44	equivalog	Y	Y	N	50S ribosomal protein L34	rpmH		GO:0000315,GO:0003735,GO:0006412,GO:0022625	25182490	2.0	Bacteria	superkingdom	9883	JCVI	ribosomal protein bL34
21377	TIGR01031.1	TIGR01031	rpmF_bact	22.6	22.6	56	equivalog	Y	Y	N	50S ribosomal protein L32	rpmF		GO:0000315,GO:0003735,GO:0006412,GO:0022625		2.0	Bacteria	superkingdom	16836	JCVI	ribosomal protein bL32
21378	TIGR01032.1	TIGR01032	rplT_bact	65.65	65.65	114	equivalog	Y	Y	N	50S ribosomal protein L20	rplT		GO:0000315,GO:0003735,GO:0006412,GO:0022625		2.0	Bacteria	superkingdom	18258	JCVI	ribosomal protein bL20
21380	TIGR01044.1	TIGR01044	rplV_bact	73.65	73.65	103	equivalog	Y	Y	N	50S ribosomal protein L22	rplV		GO:0000311,GO:0003735,GO:0006412,GO:0022625	12225755,13130133,9862810	2.0	Bacteria	superkingdom	17407	JCVI	ribosomal protein uL22
21386	TIGR01066.1	TIGR01066	rplM_bact	93.05	93.05	141	equivalog	Y	Y	N	50S ribosomal protein L13	rplM		GO:0000315,GO:0003735,GO:0006412,GO:0022625	365580,3884974	2.0	Bacteria	superkingdom	20522	JCVI	ribosomal protein uL13
21387	TIGR01067.1	TIGR01067	rplN_bact	111.1	111.1	122	equivalog	Y	Y	N	50S ribosomal protein L14	rplN		GO:0000315,GO:0003735,GO:0006412,GO:0022625	8805509	2.0	Bacteria	superkingdom	12538	JCVI	ribosomal protein uL14
21392	TIGR01079.1	TIGR01079	rplX_bact	53.7	53.7	104	equivalog	Y	Y	N	50S ribosomal protein L24	rplX		GO:0000315,GO:0003735,GO:0006412,GO:0022625		2.0	Bacteria	superkingdom	20584	JCVI	ribosomal protein uL24
21427	TIGR01169.1	TIGR01169	rplA_bact	216.3	216.3	227	equivalog	Y	Y	N	50S ribosomal protein L1	rplA		GO:0000311,GO:0003735,GO:0006412,GO:0022625		2.0	Bacteria	superkingdom	25947	JCVI	ribosomal protein uL1
21474	TIGR01310.1	TIGR01310	uL30_euk	254.0	254.0	236	subfamily	Y	N	N	60S ribosomal protein uL30 (Provisional)			GO:0003735,GO:0006412,GO:0022625		2.0	Bacteria	superkingdom	10	JCVI	60S ribosomal protein uL30
21601	TIGR01632.1	TIGR01632	L11_bact	141.85	141.85	140	equivalog	Y	Y	N	50S ribosomal protein L11	rplK		GO:0000315,GO:0003735,GO:0006412,GO:0022625	11459176	2.0	Bacteria	superkingdom	18763	JCVI	ribosomal protein uL11
22464	TIGR03625.1	TIGR03625	L3_bact	142.9	142.9	202	equivalog	Y	Y	N	50S ribosomal protein L3	rplC		GO:0003735,GO:0005840,GO:0006412		2.0	Bacteria	superkingdom	23990	JCVI	50S ribosomal protein uL3
22465	TIGR03631.1	TIGR03631	uS13_bact	130.45	130.45	113	equivalog	Y	Y	N	30S ribosomal protein S13	rpsM		GO:0003735,GO:0006412,GO:0022627	14536072,15525707,15876367	2.0	Bacteria	superkingdom	17988	JCVI	ribosomal protein uS13
22466	TIGR03632.1	TIGR03632	uS11_bact	154.5	154.5	117	equivalog	Y	Y	N	30S ribosomal protein S11	rpsK		GO:0003735,GO:0006412,GO:0022627		2.0	Bacteria	superkingdom	12736	JCVI	ribosomal protein uS11
22467	TIGR03635.1	TIGR03635	uS17_bact	88.7	88.7	72	equivalog	Y	Y	N	30S ribosomal protein S17	rpsQ		GO:0003735,GO:0006412,GO:0022627		2.0	Bacteria	superkingdom	17786	JCVI	ribosomal protein uS17
22475	TIGR03654.1	TIGR03654	L6_bact	168.55	168.55	175	equivalog	Y	Y	N	50S ribosomal protein L6	rplF		GO:0003735,GO:0006412,GO:0019843,GO:0022625		2.0	Bacteria	superkingdom	25364	JCVI	ribosomal protein uL6
22586	TIGR03953.1	TIGR03953	rplD_bact	130.1	130.1	188	equivalog	Y	Y	N	50S ribosomal protein L4	rplD		GO:0003735,GO:0006412,GO:0022625		2.0	Bacteria	superkingdom	25333	JCVI	50S ribosomal protein uL4
22843	TIGR04560.1	TIGR04560	ribo_THX	26.0	26.0	26	equivalog	Y	Y	N	30S ribosomal protein THX			GO:0003735,GO:0006412,GO:0022627		2.0	Bacteria	superkingdom	1381	JCVI	ribosomal small subunit protein bTHX
22895	NF005911.0	PRK07899	PRK07899.1	691.0	691.0	486	equivalog	Y	Y	N	30S ribosomal protein S1	rpsA		GO:0003676		201174.0	Actinobacteria	phylum	5102	NCBI Protein Cluster (PRK)	30S ribosomal protein S1
23103	NF004367.0	PRK05738	PRK05738.3-3	154.0	154.0	106	equivalog	Y	Y	N	50S ribosomal protein L23					2092.0	Mycoplasmataceae	family	12	NCBI Protein Cluster (PRK)	50S ribosomal protein L23
23119	NF011111.0	PRK14539	PRK14539.1	310.0	310.0	196	equivalog	Y	N	N	50S ribosomal protein L11/unknown domain fusion protein (Provisional)					2092.0	Mycoplasmataceae	family	51	NCBI Protein Cluster (PRK)	50S ribosomal protein L11/unknown domain fusion protein
23157	NF008918.0	PRK12280	PRK12280.1-1	320.0	320.0	167	equivalog	Y	N	N	50S ribosomal protein L23 (Provisional)					2099.0	Mesomycoplasma hyopneumoniae	species	10	NCBI Protein Cluster (PRK)	50S ribosomal protein L23
23209	NF008920.0	PRK12280	PRK12280.2-2	443.0	443.0	237	equivalog	Y	N	N	50S ribosomal protein L23 (Provisional)					2104.0	Mycoplasma pneumoniae	species	7	NCBI Protein Cluster (PRK)	50S ribosomal protein L23
23279	NF004956.0	PRK06299	PRK06299.1-6	711.0	711.0	554	equivalog	Y	Y	N	30S ribosomal protein S1			GO:0003676		213849.0	Campylobacterales	order	2499	NCBI Protein Cluster (PRK)	30S ribosomal protein S1
23344	NF011110.0	PRK14538	PRK14538.1	707.0	707.0	838	equivalog	Y	N	N	putative bifunctional signaling protein/50S ribosomal protein L9 (Provisional)					2146.0	Acholeplasmataceae	family	50	NCBI Protein Cluster (PRK)	putative bifunctional signaling protein/50S ribosomal protein L9
23355	NF001629.0	PRK00415	PRK00415.1	70.0	70.0	62	equivalog	Y	Y	N	30S ribosomal protein S27e				15096641	2157.0	Archaea	superkingdom	548	NCBI Protein Cluster (PRK)	30S ribosomal protein S27e
23358	NF001669.0	PRK00432	PRK00432.1	54.0	54.0	58	equivalog	Y	Y	N	30S ribosomal protein S27ae					2157.0	Archaea	superkingdom	489	NCBI Protein Cluster (PRK)	30S ribosomal protein S27ae
23364	NF001981.1	PRK00773	PRK00773.1-1	40.0	40.0	56	equivalog	Y	Y	N	50S ribosomal protein L18Ae	rpl18a				2157.0	Archaea	superkingdom	542	NCBI Protein Cluster (PRK)	50S ribosomal protein LX
23382	NF002263.0	PRK01192	PRK01192.1-6	95.0	95.0	88	equivalog	Y	Y	N	50S ribosomal protein L31e					2157.0	Archaea	superkingdom	244	NCBI Protein Cluster (PRK)	50S ribosomal protein L31e
23386	NF002316.0	PRK01242	PRK01242.1	63.0	63.0	51	equivalog	Y	Y	N	50S ribosomal protein L39e					2157.0	Archaea	superkingdom	422	NCBI Protein Cluster (PRK)	50S ribosomal protein L39e
23405	NF003079.0	PRK04005	PRK04005.1	85.0	85.0	121	equivalog	Y	Y	N	50S ribosomal protein L18e					2157.0	Archaea	superkingdom	626	NCBI Protein Cluster (PRK)	50S ribosomal protein L18e
23406	NF003080.0	PRK04007	PRK04007.1	95.0	95.0	74	equivalog	Y	Y	N	30S ribosomal protein S28e				14627742,14627743	2157.0	Archaea	superkingdom	405	NCBI Protein Cluster (PRK)	30S ribosomal protein S28e
23411	NF003098.0	PRK04019	PRK04019.1-5	331.0	331.0	336	equivalog	Y	Y	N	50S ribosomal protein L10					2157.0	Archaea	superkingdom	657	NCBI Protein Cluster (PRK)	acidic ribosomal protein P0
23416	NF003142.0	PRK04057	PRK04057.1	198.0	198.0	210	equivalog	Y	Y	N	30S ribosomal protein S3ae					2157.0	Archaea	superkingdom	692	NCBI Protein Cluster (PRK)	30S ribosomal protein S3Ae
23417	NF003143.0	PRK04059	PRK04059.1	97.0	97.0	89	equivalog	Y	Y	N	50S ribosomal protein L34e					2157.0	Archaea	superkingdom	165	NCBI Protein Cluster (PRK)	50S ribosomal protein L34e
23419	NF003161.0	PRK04136	PRK04136.1	54.0	54.0	49	equivalog	Y	Y	N	50S ribosomal protein L40e				18218710	2157.0	Archaea	superkingdom	530	NCBI Protein Cluster (PRK)	50S ribosomal protein L40e
23425	NF003214.0	PRK04179	PRK04179.1	71.0	71.0	62	equivalog	Y	Y	N	50S ribosomal protein L37e					2157.0	Archaea	superkingdom	507	NCBI Protein Cluster (PRK)	50S ribosomal protein L37e
23427	NF003236.0	PRK04199	PRK04199.1-1	233.0	233.0	174	equivalog	Y	Y	N	50S ribosomal protein L16					2157.0	Archaea	superkingdom	80	NCBI Protein Cluster (PRK)	50S ribosomal protein L10e
23428	NF003261.0	PRK04231	PRK04231.1	341.0	341.0	342	equivalog	Y	Y	N	50S ribosomal protein L3					2157.0	Archaea	superkingdom	736	NCBI Protein Cluster (PRK)	50S ribosomal protein L3P
23435	NF003293.0	PRK04290	PRK04290.1-2	176.0	176.0	148	equivalog	Y	Y	N	30S ribosomal protein S6e					2157.0	Archaea	superkingdom	77	NCBI Protein Cluster (PRK)	30S ribosomal protein S6e
23436	NF003294.0	PRK04290	PRK04290.1-3	135.0	135.0	133	equivalog	Y	Y	N	30S ribosomal protein S6e					2157.0	Archaea	superkingdom	621	NCBI Protein Cluster (PRK)	30S ribosomal protein S6e
23438	NF003303.0	PRK04306	PRK04306.1	97.0	97.0	98	equivalog	Y	Y	N	50S ribosomal protein L21e				10937989	2157.0	Archaea	superkingdom	609	NCBI Protein Cluster (PRK)	50S ribosomal protein L21e
23439	NF003312.0	PRK04313	PRK04313.1	214.0	214.0	238	equivalog	Y	Y	N	30S ribosomal protein S4e					2157.0	Archaea	superkingdom	734	NCBI Protein Cluster (PRK)	30S ribosomal protein S4e
23441	NF003320.0	PRK04333	PRK04333.1	87.0	87.0	88	equivalog	Y	Y	N	50S ribosomal protein L14e					2157.0	Archaea	superkingdom	192	NCBI Protein Cluster (PRK)	50S ribosomal protein L14e
23443	NF003326.0	PRK04337	PRK04337.1	85.0	85.0	88	equivalog	Y	Y	N	50S ribosomal protein L35ae					2157.0	Archaea	superkingdom	71	NCBI Protein Cluster (PRK)	50S ribosomal protein L35Ae
23448	NF004037.0	PRK05518	PRK05518.1	184.0	184.0	181	equivalog	Y	Y	N	50S ribosomal protein L6					2157.0	Archaea	superkingdom	720	NCBI Protein Cluster (PRK)	50S ribosomal protein L6P
23453	NF004425.0	PRK05767	PRK05767.1	87.0	87.0	92	equivalog	Y	Y	N	50S ribosomal protein L44e					2157.0	Archaea	superkingdom	539	NCBI Protein Cluster (PRK)	50S ribosomal protein L44e
23469	NF005004.0	PRK06394	PRK06394.1	146.0	146.0	149	equivalog	Y	Y	N	50S ribosomal protein L13					2157.0	Archaea	superkingdom	684	NCBI Protein Cluster (PRK)	50S ribosomal protein L13P
23618	NF034186.3	PRK14891	PRK14891.1-1	73.0	73.0	51	equivalog	Y	Y	N	50S ribosomal protein L24e					2157.0	Archaea	superkingdom	616	NCBI Protein Cluster (PRK)	50S ribosomal protein L24e/unknown domain fusion protein
23678	TIGR01309.1	TIGR01309	uL30_arch	150.05	150.05	151	equivalog	Y	Y	N	50S ribosomal protein L30	rpmD		GO:0003735,GO:0006412,GO:0022625		2157.0	Archaea	superkingdom	676	JCVI	ribosomal protein uL30
23719	TIGR03626.1	TIGR03626	L3_arch	308.7	308.7	331	equivalog	Y	Y	N	50S ribosomal protein L3	rpl3p		GO:0003735,GO:0006412,GO:0022625		2157.0	Archaea	superkingdom	724	JCVI	ribosomal protein uL3
23720	TIGR03627.1	TIGR03627	uS9_arch	162.75	162.75	130	equivalog	Y	Y	N	30S ribosomal protein S9			GO:0003735,GO:0006412,GO:0022627		2157.0	Archaea	superkingdom	570	JCVI	ribosomal protein uS9
23721	TIGR03628.1	TIGR03628	arch_S11P	182.35	182.35	117	equivalog	Y	Y	N	30S ribosomal protein S11			GO:0003735,GO:0006412,GO:0022627		2157.0	Archaea	superkingdom	485	JCVI	ribosomal protein uS11
23722	TIGR03629.1	TIGR03629	uS13_arch	175.55	175.55	144	equivalog	Y	Y	N	30S ribosomal protein S13			GO:0003735,GO:0006412,GO:0022627		2157.0	Archaea	superkingdom	650	JCVI	ribosomal protein uS13
23725	TIGR03653.1	TIGR03653	uL6_arch	185.4	185.4	170	equivalog	Y	Y	N	50S ribosomal protein L6	rpl6p		GO:0003735,GO:0006412,GO:0019843,GO:0022625		2157.0	Archaea	superkingdom	699	JCVI	ribosomal protein uL6
23729	TIGR03672.1	TIGR03672	rpl4p_arch	269.75	269.75	251	equivalog	Y	Y	N	50S ribosomal protein L4	rpl4p				2157.0	Archaea	superkingdom	742	JCVI	50S ribosomal protein uL4
23730	TIGR03673.1	TIGR03673	uL14_arch	191.45	191.45	131	equivalog	Y	Y	N	50S ribosomal protein L14	rpl14p			17599351	2157.0	Archaea	superkingdom	493	JCVI	50S ribosomal protein uL14
23734	TIGR03677.1	TIGR03677	eL8_ribo	134.6	134.6	117	equivalog	Y	Y	N	50S ribosomal protein L7Ae	rpl7ae			16008351	2157.0	Archaea	superkingdom	590	JCVI	ribosomal protein eL8
23919	NF003238.0	PRK04199	PRK04199.1-3	269.0	269.0	172	equivalog	Y	Y	N	50S ribosomal protein L16					224756.0	Methanomicrobia	class	89	NCBI Protein Cluster (PRK)	50S ribosomal protein L10e
23950	NF002259.0	PRK01192	PRK01192.1-2	131.0	131.0	90	equivalog	Y	Y	N	50S ribosomal protein L31e					2259.0	Thermococcaceae	family	49	NCBI Protein Cluster (PRK)	50S ribosomal protein L31e
23969	NF003237.0	PRK04199	PRK04199.1-2	295.0	295.0	181	equivalog	Y	Y	N	50S ribosomal protein L16					2259.0	Thermococcaceae	family	51	NCBI Protein Cluster (PRK)	50S ribosomal protein L10e
24177	NF003100.0	PRK04019	PRK04019.2-3	585.0	585.0	314	equivalog	Y	Y	N	50S ribosomal protein L10					2302.0	Thermoplasma	genus	3	NCBI Protein Cluster (PRK)	acidic ribosomal protein P0
24324	NF008915.0	PRK12278	PRK12278.1-1	281.0	281.0	216	equivalog	Y	Y	N	50S ribosomal protein L21					28211.0	Alphaproteobacteria	class	632	NCBI Protein Cluster (PRK)	50S ribosomal protein L21/unknown domain fusion protein
24325	NF008916.0	PRK12278	PRK12278.1-4	193.0	193.0	223	equivalog	Y	Y	N	50S ribosomal protein L21					28211.0	Alphaproteobacteria	class	753	NCBI Protein Cluster (PRK)	50S ribosomal protein L21/unknown domain fusion protein
24327	NF008966.0	PRK12311	PRK12311.1	526.0	526.0	334	equivalog	Y	Y	N	30S ribosomal protein S2					28211.0	Alphaproteobacteria	class	609	NCBI Protein Cluster (PRK)	30S ribosomal protein S2/unknown domain fusion protein
24439	NF010379.0	PRK13806	PRK13806.1	648.0	648.0	491	equivalog	Y	Y	N	30S ribosomal protein S1					28221.0	Deltaproteobacteria	class	123	NCBI Protein Cluster (PRK)	30S ribosomal protein S1
24544	NF002262.0	PRK01192	PRK01192.1-5	109.0	109.0	83	equivalog	Y	Y	N	50S ribosomal protein L31e					28890.0	Euryarchaeota	phylum	74	NCBI Protein Cluster (PRK)	50S ribosomal protein L31e
24567	NF003096.0	PRK04019	PRK04019.1-2	479.0	479.0	338	equivalog	Y	Y	N	50S ribosomal protein L10					28890.0	Euryarchaeota	phylum	85	NCBI Protein Cluster (PRK)	acidic ribosomal protein P0
25019	NF004140.0	PRK05618	PRK05618.4-3	270.0	270.0	197	equivalog	Y	Y	N	50S ribosomal protein L25/general stress protein Ctc					32069.0	Aquificales	order	17	NCBI Protein Cluster (PRK)	50S ribosomal protein L25/general stress protein Ctc
25194	NF004142.0	PRK05618	PRK05618.4-5	373.0	373.0	200	equivalog	Y	Y	N	50S ribosomal protein L25/general stress protein Ctc					44000.0	Caldicellulosiruptor	genus	13	NCBI Protein Cluster (PRK)	50S ribosomal protein L25/general stress protein Ctc
25202	NF005370.0	PRK06911	PRK06911.1	187.0	187.0	100	equivalog	Y	N	N	30S ribosomal protein S14 (Provisional)					444.0	Legionellaceae	family	45	NCBI Protein Cluster (PRK)	30S ribosomal protein S14
26048	NF008917.0	PRK12279	PRK12279.1	526.0	526.0	311	equivalog	Y	N	N	50S ribosomal protein L22/unknown domain fusion protein (Provisional)					544448.0	Tenericutes	phylum	9	NCBI Protein Cluster (PRK)	50S ribosomal protein L22/unknown domain fusion protein
26049	NF008919.0	PRK12280	PRK12280.1-3	150.0	150.0	157	equivalog	Y	N	N	50S ribosomal protein L23 (Provisional)					544448.0	Tenericutes	phylum	160	NCBI Protein Cluster (PRK)	50S ribosomal protein L23
26332	NF004141.0	PRK05618	PRK05618.4-4	309.0	309.0	201	equivalog	Y	Y	N	50S ribosomal protein L25/general stress protein Ctc					68295.0	Thermoanaerobacterales	order	21	NCBI Protein Cluster (PRK)	50S ribosomal protein L25/general stress protein Ctc
26334	NF010124.0	PRK13601	PRK13601.1	124.0	124.0	84	equivalog	Y	N	N	putative L7Ae-like ribosomal protein (Provisional)					68295.0	Thermoanaerobacterales	order	13	NCBI Protein Cluster (PRK)	putative L7Ae-like ribosomal protein
26432	NF006815.0	PRK09334	PRK09334.1-5	235.0	235.0	118	equivalog	Y	Y	N	30S ribosomal protein S25e					76887.0	Caldivirga maquilingensis	species	1	NCBI Protein Cluster (PRK)	30S ribosomal protein S25e
26599	NF011095.0	PRK14522	PRK14522.1	192.0	192.0	119	equivalog	Y	Y	N	30S ribosomal protein S16					810.0	Chlamydia	genus	31	NCBI Protein Cluster (PRK)	30S ribosomal protein S16
26769	NF004134.0	PRK05618	PRK05618.2-5	316.0	316.0	217	equivalog	Y	Y	N	50S ribosomal protein L25/general stress protein Ctc					90964.0	Staphylococcaceae	family	427	NCBI Protein Cluster (PRK)	50S ribosomal protein L25/general stress protein Ctc
27619	NF019746.2	PF08136.13	Ribosomal_S22	25.0	25.0	46	PfamEq	Y	N	N	30S ribosomal protein subunit S22 family (Provisional)			GO:0003735,GO:0005840,GO:0006412	11168583	91347.0	Enterobacterales	order	356	EBI-EMBL	30S ribosomal protein subunit S22 family
27782	NF004370.0	PRK05738	PRK05738.3-6	103.0	103.0	96	equivalog	Y	Y	N	50S ribosomal protein L23					942.0	Anaplasmataceae	family	74	NCBI Protein Cluster (PRK)	50S ribosomal protein L23
27800	NF004138.0	PRK05618	PRK05618.4-1	360.0	360.0	203	equivalog	Y	Y	N	50S ribosomal protein L25/general stress protein Ctc					953.0	Wolbachia	genus	50	NCBI Protein Cluster (PRK)	50S ribosomal protein L25/general stress protein Ctc
